,source,author,title,description,url,urlToImage,publishedAt,content
0,"{'id': None, 'name': 'Quartz India'}",Ece Yildirim,Microsoft will announce AI next steps at anniversary tomorrow. Here's what to expect,"Microsoft (MSFT) is celebrating its anniversary with an event on Friday at its headquarters in Redmond, Washington.Read more...",https://qz.com/microsoft-openai-anniversary-copilot-1851774310,"https://i.kinja-img.com/image/upload/c_fill,h_675,pg_1,q_80,w_1200/fcc59a1fd144206c56754001febc3128.jpg",2025-04-03T09:00:00Z,"In This Story
Microsoft (MSFT+0.21%
) is celebrating its anniversary with an event on Friday at its headquarters in Redmond, Washington.
Alongside an employee-only anniversary celebration of the t… [+1852 chars]"
1,"{'id': None, 'name': 'Yahoo Entertainment'}",Neena Mishra,Quantum Computing: Tech's Next Giant Leap?,Recent developments suggest this futuristic technology is inching closer to reality.,https://finance.yahoo.com/news/quantum-computing-techs-next-giant-201200500.html,https://media.zenfs.com/en/zacks.com/005dc0f87f83d9178f77210ccb9226a7,2025-03-24T20:12:00Z,"<ul><li>(2:00) - Key Takeaways From Nvidia GTC 2025
</li><li>(6:50) - What To Learn From Nvidia’s Quantum Day Events
</li><li>(13:30) - What Investors Need To Know About D-wave Quantum Computing
<… [+5413 chars]"
2,"{'id': None, 'name': 'Quartz India'}",Britney Nguyen,Microsoft could be reassessing its AI plans while pulling back on data centers,"Microsoft (MSFT) has reportedly stopped or delayed data center projects across the globe, possibly signaling a reassessment of its artificial intelligence ambitions. Read more...",https://qz.com/microsoft-pull-back-data-centers-ai-demand-spending-1851774525,"https://i.kinja-img.com/image/upload/c_fill,h_675,pg_1,q_80,w_1200/a26101f127cae2840f2d40f216520cac.jpg",2025-04-03T16:41:00Z,"In This Story
Microsoft (MSFT-1.57%
) has reportedly stopped or delayed data center projects across the globe, possibly signaling a reassessment of its artificial intelligence ambitions. 
The tech… [+2082 chars]"
3,"{'id': None, 'name': 'Quartz India'}",Ece Yildirim,Microsoft's Copilot gets personal for 50th anniversary,Microsoft (MSFT) announced an array of updates to personalize and automate its Copilot AI assistant at the company’s 50th anniversary celebrations Friday.Read more...,https://qz.com/microsofts-copilot-gets-personal-for-50th-anniversary-1851774852,"https://i.kinja-img.com/image/upload/c_fill,h_675,pg_1,q_80,w_1200/130f18a85813806457e67e68f1b93ac1.jpg",2025-04-04T18:26:26Z,"In This Story
Microsoft (MSFT-2.40%
) announced an array of updates to personalize and automate its Copilot AI assistant at the companys 50th anniversary celebrations Friday.
Ultimately, I think t… [+2372 chars]"
4,"{'id': None, 'name': 'Windows Central'}",sean.endicott@futurenet.com (Sean Endicott),"PowerToys, one of the best free apps on Windows 11, just got a major update","Microsoft PowerToys just got a big update, adding a new Command Palette, improved Color Picker, and more powerful tools for Windows users.",https://www.windowscentral.com/software-apps/powertoys-one-of-the-best-free-apps-on-windows-11-just-got-a-major-update,https://cdn.mos.cms.futurecdn.net/PQLQPiMPXJFtU9QBkLxB8j-1200-80.jpg,2025-04-01T11:36:02Z,"Microsoft just shipped an update to PowerToys that includes a new feature called Command Palette. That tool was built as an evolution of PowerToys Run, which was already a useful way to launch apps a… [+6231 chars]"
5,"{'id': None, 'name': 'Quartz India'}",Ben Kesslen,Melinda French Gates speaks about 'thriving' after her divorce from Bill Gates,Melinda French Gates is thriving after her divorce from Microsoft (MSFT) founder Bill Gates but said separating from her longtime husband was one of the hardest things she’s done.Read more...,https://qz.com/melinda-french-gates-post-divorce-bill-gates-memoir-1851770699,"https://i.kinja-img.com/image/upload/c_fill,h_675,pg_1,q_80,w_1200/462e4d3a76110662be750a648f052f77.jpg",2025-03-18T13:41:00Z,"In This Story
Melinda French Gates is thriving after her divorce from Microsoft (MSFT-0.69%
) founder Bill Gates but said separating from her longtime husband was one of the hardest things shes don… [+1710 chars]"
6,"{'id': None, 'name': 'Quartz India'}",Britney Nguyen,Microsoft is turning 50. Here are 4 of its peers that are also still around,"Half a century after its founding in Albuquerque, New Mexico on April 4, 1975, Microsoft (MSFT) consistently ranks as one of the world’s most valuable companies. Currently sitting on a $2.7 trillion market cap, the software company, now based in Redmond, Wash…",https://qz.com/microsoft-50-years-oracle-apple-amd-intel-tech-chips-1851773523,"https://i.kinja-img.com/image/upload/c_fill,h_675,pg_1,q_80,w_1200/81f4a2b5bf87f51ea9d3f6d50862369b.jpg",2025-04-02T09:00:00Z,"Half a century after its founding in Albuquerque, New Mexico on April 4, 1975, Microsoft (MSFT) consistently ranks as one of the worlds most valuable companies. Currently sitting on a $2.7 trillion m… [+373 chars]"
7,"{'id': None, 'name': 'Quartz India'}",Harri Weber,"Tesla, Microsoft, and Meta follow Nvidia in Magnificent 7 stock rally","The trade-war selloff took a breather on Tuesday, buoying Big Tech firms including Nvidia (NVDA), Tesla (TSLA), Meta (META), and Microsoft (MSFT), after a mixed day on Monday and two especially gnarly days last week wiped $1.8 trillion off the market value of…",https://qz.com/tesla-microsoft-meta-nvidia-big-tech-rally-tariffs-1851775247,"https://i.kinja-img.com/image/upload/c_fill,h_675,pg_1,q_80,w_1200/2382c044e58444ac7c7e3483e90446e7.jpg",2025-04-08T15:59:00Z,"In This Story
The trade-war selloff took a breather on Tuesday, buoying Big Tech firms including Nvidia (NVDA+4.58%
), Tesla (TSLA+3.67%
), Meta (META+2.45%
), and Microsoft (MSFT+2.39%
), after… [+1393 chars]"
8,"{'id': None, 'name': 'Quartz India'}",Catherine Baab,Microsoft stock slips. Wedbush says trade war uncertainty will hit AI plans and earnings,"Microsoft (MSFT) stock fell more than 5% in afternoon trading certainty, with Amazon (AMZN) and the other Magnificent 7 shares also losing ground as investors continued to reassess the fallout from this week’s abrupt tariff pause — and its likely ripple effec…",https://qz.com/microsoft-amazon-stock-rating-ai-cloud-earnings-wedbush-1851775645,"https://i.kinja-img.com/image/upload/c_fill,h_675,pg_1,q_80,w_1200/fcc59a1fd144206c56754001febc3128.jpg",2025-04-10T16:29:00Z,"In This Story
Microsoft (MSFT-4.78%
) stock fell more than 5% in afternoon trading certainty, with Amazon (AMZN-6.97%
) and the other Magnificent 7 shares also losing ground as investors continued… [+2180 chars]"
9,"{'id': None, 'name': 'Quartz India'}",Quartz Intelligence Newsroom,"Nvidia's bad day, Microsoft's AI plans, Amazon's TikTok play, and Intel's future: Tech news roundup",Nvidia (NVDA) fell with other Magnificent 7 stocks on Thursday as the market reacted to new tariffs — but the company also may’ve slipped because a major bank downgraded it for unrelated reasons. Read more...,https://qz.com/nvidia-stock-microsoft-ai-amazon-tiktok-intel-openai-1851774817,"https://i.kinja-img.com/image/upload/c_fill,h_675,pg_1,q_80,w_1200/b70f1a4dc82564765184061db25958a9.jpg",2025-04-05T13:00:00Z,"The markets highest-performing tech stocks, the Magnificent 7, mostly slid on Monday amid worries over President Donald Trumps tariffs.
Tesla (TSLA) was down 4.8% at 11:30 a.m., while Nvidia (NVDA) … [+209 chars]"
10,"{'id': None, 'name': 'Yahoo Entertainment'}",Paula Tudoran,Dad With 'Mini Portfolio' And $1M Investment Plan Wants Son 'Living Off Of Dividend Income Comfortably' – Reddit Debates Best Stocks To Buy,"Every parent wants to give their child a head start in life, especially if they grew up without financial security themselves. The desire to break such a...",https://finance.yahoo.com/news/dad-mini-portfolio-1m-investment-123020359.html,https://s.yimg.com/cv/apiv2/social/images/yahoo_default_logo-1200x1200.png,2025-03-28T12:30:20Z,"Every parent wants to give their child a head start in life, especially if they grew up without financial security themselves.
The desire to break such a generational curse is powerful, but so is th… [+4706 chars]"
11,"{'id': None, 'name': 'Yahoo Entertainment'}",Catherine Baab,Microsoft stock slips. Wedbush says trade war uncertainty will hit AI plans and earnings,"Microsoft (MSFT) stock fell more than 5% in afternoon trading certainty, with Amazon (AMZN) and the other Magnificent 7 shares also losing ground as...",https://finance.yahoo.com/news/microsoft-stock-slips-wedbush-says-162900817.html,https://media.zenfs.com/en/quartz.com/8d3586d9325ee2a81d9d03e593b4c324,2025-04-10T16:29:00Z,"Photo: Sean Gallup (Getty Images)
Microsoft (MSFT) stock fell more than 5% in afternoon trading certainty, with Amazon (AMZN) and the other Magnificent 7 shares also losing ground as investors conti… [+2173 chars]"
12,"{'id': None, 'name': 'Yahoo Entertainment'}",,Microsoft (MSFT) Price Target Cut to $500 by Jefferies,,https://consent.yahoo.com/v2/collectConsent?sessionId=1_cc-session_6d17d459-7e7c-414d-933f-f57b14a850ea,,2025-04-04T23:01:05Z,"If you click 'Accept all', we and our partners, including 239 who are part of the IAB Transparency &amp; Consent Framework, will also store and/or access information on a device (in other words, use … [+702 chars]"
13,"{'id': None, 'name': 'Yahoo Entertainment'}",Ahad Tariq,Is Microsoft Corporation (MSFT) the Best Beginner Stock?,"We recently published a list of Starter Stock Portfolio 12 Safe Stocks to Buy. In this article, we are going to take a look at where Microsoft Corporation...",https://finance.yahoo.com/news/microsoft-corporation-msft-best-beginner-204202801.html,https://s.yimg.com/ny/api/res/1.2/Ehrz1CBybY_oskwS2bSRJQ--/YXBwaWQ9aGlnaGxhbmRlcjt3PTEyMDA7aD02NzM-/https://media.zenfs.com/en/insidermonkey.com/ae3cb2a93ad8e5ddf6f94148e71f74b9,2025-04-06T20:42:02Z,"We recently published a list of Starter Stock Portfolio 12 Safe Stocks to Buy. In this article, we are going to take a look at where Microsoft Corporation (NASDAQ:MSFT) stands against other best begi… [+6197 chars]"
14,"{'id': None, 'name': 'Biztoc.com'}",benzinga.com,In-Depth Analysis: Microsoft Versus Competitors In Software Industry,"In today's rapidly changing and highly competitive business world, it is vital for investors and industry enthusiasts to carefully assess companies. In this article, we will perform a comprehensive industry comparison, evaluating Microsoft MSFT against its ke…",https://biztoc.com/x/227c0ba647c177cf,https://biztoc.com/cdn/227c0ba647c177cf_s.webp,2025-03-25T15:07:31Z,"In today's rapidly changing and highly competitive business world, it is vital for investors and industry enthusiasts to carefully assess companies. In this article, we will perform a comprehensive i… [+147 chars]"
15,"{'id': None, 'name': 'Yahoo Entertainment'}",,Microsoft (MSFT) Remains a Safe AI Haven Despite Macroeconomic Downgrade,,https://consent.yahoo.com/v2/collectConsent?sessionId=1_cc-session_6c4c2258-5082-4857-b8e8-3848ab06949c,,2025-04-09T18:41:22Z,"If you click 'Accept all', we and our partners, including 239 who are part of the IAB Transparency &amp; Consent Framework, will also store and/or access information on a device (in other words, use … [+702 chars]"
16,"{'id': None, 'name': 'Biztoc.com'}",finance.yahoo.com,Jim Cramer Slams “Wrong Story” Around Microsoft Corporation (MSFT) – Says AI Buildout Isn’t Slowing,"In This Article:
We recently published a list of Jim Cramer Reveals Stocks Benefiting From Tariff Selloff & Discusses These 8 Stocks. In this article, we are going to take a look at where Microsoft Corporation (NASDAQ:MSFT) stands against other stocks that Ji…",https://biztoc.com/x/bab86a6bc93ed270,https://biztoc.com/cdn/bab86a6bc93ed270_s.webp,2025-04-08T14:37:47Z,"In This Article:We recently published a list of Jim Cramer Reveals Stocks Benefiting From Tariff Selloff &amp; Discusses These 8 Stocks. In this article, we are going to take a look at where Microsof… [+151 chars]"
17,"{'id': None, 'name': 'Quartz India'}",Britney Nguyen,Magnificent 7 stocks slide amid Trump tariff worries,The market’s highest-performing tech stocks all slid on Monday morning amid worries over President Donald Trump’s tariffs.Read more...,https://qz.com/magnificent-7-stocks-slide-trump-tariffs-tesla-nvidia-1851773474,"https://i.kinja-img.com/image/upload/c_fill,h_675,pg_1,q_80,w_1200/efacb4a5970e697594890c933c515543.jpg",2025-03-31T14:23:00Z,"In This Story
The markets highest-performing tech stocks all slid on Monday morning amid worries over President Donald Trumps tariffs.
Tesla (TSLA-6.26%
) was down by more than 6.4% at the market … [+1843 chars]"
18,"{'id': None, 'name': 'Quartz India'}",Harri Weber,"Apple, Nvidia, Meta, and more Magnificent 7 stocks slide","The roller-coaster week for global equity markets took another sharp turn Thursday, yanking Nvidia (NVDA), Apple (AAPL), Amazon (AMZN), and other Big Tech stocks down with it.Read more...",https://qz.com/apple-nvidia-magnificent-7-stocks-slide-1851775625,"https://i.kinja-img.com/image/upload/c_fill,h_675,pg_1,q_80,w_1200/22ba62bc165dcb417fe149901d8ae301.jpg",2025-04-10T16:01:26Z,"In This Story
The roller-coaster week for global equity markets took another sharp turn Thursday, yanking Nvidia (NVDA-6.73%
), Apple (AAPL-5.43%
), Amazon (AMZN-5.26%
), and other Big Tech stock… [+1434 chars]"
19,"{'id': None, 'name': 'Quartz India'}",Francisco Velasquez,Bill Gates says 2-day work week is coming — thanks to AI,"Bill Gates believes the future of work could look radically different — and it may only require a two-day work week, thanks to AI.Read more...",https://qz.com/bill-gates-ai-two-day-work-week-job-market-climate-poli-1851773099,"https://i.kinja-img.com/image/upload/c_fill,h_675,pg_1,q_80,w_1200/50ffa3a38052639281b398e16c5821e2.jpg",2025-03-28T17:40:00Z,"In This Story
Bill Gates believes the future of work could look radically different and it may only require a two-day work week, thanks to AI.
Speaking on the The Tonight Show with Jimmy Fallon, Ga… [+1848 chars]"
20,"{'id': None, 'name': 'Quartz India'}",Shannon Carroll,11 of the world’s most expensive and unique art collections,"Some of these collections are worth over a billion dollars and feature artwork from Vincent Van Gogh, Pablo Picasso, and more",https://qz.com/most-expensive-unique-art-collections-1851774260,"https://i.kinja-img.com/image/upload/c_fill,h_675,pg_1,q_80,w_1200/51366f5f15b6dbb016c90421a91cdfdc.jpg",2025-04-03T09:00:00Z,"A picture may be worth a thousand words but one of these paintings is worth more like $100 million.
Art has almost always been a status symbol. Kings and queens adorned their palaces with ornate por… [+1702 chars]"
21,"{'id': None, 'name': 'Yahoo Entertainment'}",,Microsoft Corporation (MSFT): Among Billionaire Ken Fisher’s Top Growth Stock Picks,,https://consent.yahoo.com/v2/collectConsent?sessionId=1_cc-session_90aae955-7869-40d7-a4de-5b56e27cec29,,2025-03-30T20:37:48Z,"If you click 'Accept all', we and our partners, including 238 who are part of the IAB Transparency &amp; Consent Framework, will also store and/or access information on a device (in other words, use … [+702 chars]"
22,"{'id': None, 'name': 'Quartz India'}",Kevin Williams,Nvidia stock pops 8% as chip stocks rise on hopes for tariff relief,"Nvidia, Broadcom, and Intel lead the way as chip makers try to shake off a rough week",https://qz.com/chip-stocks-rising-nvidia-broadcom-intel-1851775238,"https://i.kinja-img.com/image/upload/c_fill,h_675,pg_1,q_80,w_1200/bf5317f897ccddc0b488a3cc65f15c9a.jpg",2025-04-08T15:03:00Z,"In This Story
After taking a beating for the past week, chip stocks climbed Tuesday morning as part of a broader market rally.
Nvidia (NVDA+6.77%
) shares had lost almost 15% over the previous thr… [+1459 chars]"
23,"{'id': None, 'name': 'Yahoo Entertainment'}",,Microsoft Corporation (MSFT): Among the Top Growth Stocks in David Tepper’s Portfolio,,https://consent.yahoo.com/v2/collectConsent?sessionId=1_cc-session_c271529a-7bc4-4410-bcf7-850cd25a3c7f,,2025-03-30T22:53:57Z,"If you click 'Accept all', we and our partners, including 238 who are part of the IAB Transparency &amp; Consent Framework, will also store and/or access information on a device (in other words, use … [+702 chars]"
24,"{'id': None, 'name': 'Yahoo Entertainment'}",,Microsoft (MSFT): The Best Gaming Stock to Invest In According to Billionaires,,https://consent.yahoo.com/v2/collectConsent?sessionId=1_cc-session_5c0c87a3-065d-4653-b48b-9ded4f6454e1,,2025-03-29T22:25:27Z,"If you click 'Accept all', we and our partners, including 238 who are part of the IAB Transparency &amp; Consent Framework, will also store and/or access information on a device (in other words, use … [+702 chars]"
25,"{'id': None, 'name': 'Yahoo Entertainment'}",Ghazal Ahmed,Microsoft (MSFT) & NVIDIA Bring AI Neural Shading to Gaming,"We recently published a list of 10 AI Stocks to Keep on Your Radar. In this article, we are going to take a look at where Microsoft Corporation (NASDAQ:MSFT)...",https://finance.yahoo.com/news/microsoft-msft-nvidia-bring-ai-142347164.html,https://s.yimg.com/ny/api/res/1.2/Ehrz1CBybY_oskwS2bSRJQ--/YXBwaWQ9aGlnaGxhbmRlcjt3PTEyMDA7aD02NzM-/https://media.zenfs.com/en/insidermonkey.com/ae3cb2a93ad8e5ddf6f94148e71f74b9,2025-03-20T14:23:47Z,"We recently published a list of 10 AI Stocks to Keep on Your Radar. In this article, we are going to take a look at where Microsoft Corporation (NASDAQ:MSFT) stands against other AI stocks to keep on… [+4359 chars]"
26,"{'id': None, 'name': 'Yahoo Entertainment'}",,"Tesla Short Position Now 4th Largest, Trails NVDA, MSFT, AAPL",,https://consent.yahoo.com/v2/collectConsent?sessionId=1_cc-session_22de99ff-0f1e-48e3-b532-d13ace03b8f8,,2025-04-01T13:07:10Z,"If you click 'Accept all', we and our partners, including 238 who are part of the IAB Transparency &amp; Consent Framework, will also store and/or access information on a device (in other words, use … [+702 chars]"
27,"{'id': None, 'name': 'Quartz India'}",Josh Fellman,"The Magnificent 7 stocks slide again and the Dow drops 1,100 points as China retaliates in trade war","The Magnificent 7 stocks all dropped as the S&P 500, the Nasdaq Composite, and the Dow Jones Industrial Average opened lower after China retaliated against new U.S. tariffs. Shares narrowed pre-market declines after March employment numbers came in better tha…",https://qz.com/mag7-stocks-fall-trade-war-tesla-nvidia-jobs-1851774739,"https://i.kinja-img.com/image/upload/c_fill,h_675,pg_1,q_80,w_1200/9a1c1dd9c06ffebcc46e0ce8ef1223ae.jpg",2025-04-04T14:15:00Z,"In This Story
The Magnificent 7 stocks all dropped as the S&amp;P 500, the Nasdaq Composite, and the Dow Jones Industrial Average opened lower after China retaliated against new U.S. tariffs. Shares… [+2339 chars]"
28,"{'id': None, 'name': 'Yahoo Entertainment'}",,Microsoft (MSFT) – Jim Cramer Conflicted: “I’m Calling It Somewhat of a Bus”,,https://consent.yahoo.com/v2/collectConsent?sessionId=1_cc-session_e1a248f9-a615-445e-b631-9d2d2794df3c,,2025-04-10T16:35:21Z,"If you click 'Accept all', we and our partners, including 239 who are part of the IAB Transparency &amp; Consent Framework, will also store and/or access information on a device (in other words, use … [+702 chars]"
29,"{'id': None, 'name': 'Quartz India'}",Ece Yildirim,Oracle's is now letting businesses create their own AI agents. No coding required,Oracle (ORCL) unveiled a new feature on Thursday that allows businesses to build their own AI agents. No coding necessary.Read more...,https://qz.com/oracles-is-now-letting-businesses-create-their-own-ai-a-1851771226,"https://i.kinja-img.com/image/upload/c_fill,h_675,pg_1,q_80,w_1200/4cc87daabb756495def8b070a44ae4e8.jpg",2025-03-20T14:56:00Z,"In This Story
Oracle (ORCL+0.97%
) unveiled a new feature on Thursday that allows businesses to build their own AI agents. No coding necessary.
Weve been infusing AI, weve been building agents, an… [+2376 chars]"
30,"{'id': None, 'name': 'Quartz India'}",Madeline Fitzgerald,The 5 best companies in America to work for,"Having a job you hate – whether your dislike is due to long hours, bad pay, or frustrating colleagues – can wreak havoc on the rest of your life. It’s bad enough when a work day is filled with irritating events, but when work creates issues that follow you ho…",https://qz.com/best-us-companies-employers-work-1851771561,"https://i.kinja-img.com/image/upload/c_fill,h_675,pg_1,q_80,w_1200/fa9b80d75446c55b4829b034714f4895.webp",2025-03-21T15:05:00Z,"Having a job you hate whether your dislike is due to long hours, bad pay, or frustrating colleagues can wreak havoc on the rest of your life. Its bad enough when a work day is filled with irritating … [+2293 chars]"
31,"{'id': None, 'name': 'Quartz India'}",Britney Nguyen,The Trump administration is being asked to relax some AI chip rules,"As the U.S. prepares to roll out rules that will affect global artificial intelligence development, foreign government officials and tech company leaders are asking the Trump administration to relax some rules around chips, according to Bloomberg.Read more...",https://qz.com/trump-administration-ai-diffusion-rules-chips-nvidia-1851772199,"https://i.kinja-img.com/image/upload/c_fill,h_675,pg_1,q_80,w_1200/1e41f45b98381b4af098ff8704eadb72.jpg",2025-03-25T17:20:00Z,"In This Story
As the U.S. prepares to roll out rules that will affect global artificial intelligence development, foreign government officials and tech company leaders are asking the Trump administr… [+2263 chars]"
32,"{'id': None, 'name': 'Quartz India'}",Josh Fellman,"Tesla, Newsmax, Big Tech: Stocks to watch today","Stocks fell premarket on “Liberation Day,” when President Donald Trump is set to unveil new tariffs on virtually all countries with which the U.S. has a trading relationship. Futures linked to the S&P 500, Nasdaq 100 and the Dow Jones Industrial Average all p…",https://qz.com/stock-watch-tesla-newsmax-nvidia-palantir-meta-amazon-1851774140,"https://i.kinja-img.com/image/upload/c_fill,h_675,pg_1,q_80,w_1200/945dcd478d33e3a00615ef2a4ec7a2a3.jpg",2025-04-02T11:56:00Z,"In This Story
Stocks fell premarket on Liberation Day, when President Donald Trump is set to unveil new tariffs on virtually all countries with which the U.S. has a trading relationship. Futures lin… [+1998 chars]"
33,"{'id': None, 'name': 'Quartz India'}",Britney Nguyen,A coal plant in Pennsylvania was imploded to build an AI data center,Pennsylvania’s former largest coal plant was imploded to make space to build a data center campus.Read more...,https://qz.com/coal-plant-pennsylvania-imploded-ai-data-center-power-1851774195,"https://i.kinja-img.com/image/upload/c_fill,h_675,pg_1,q_80,w_1200/ca4021e873a605d532d93bc098386d84.jpg",2025-04-02T12:33:00Z,"In This Story
Pennsylvanias former largest coal plant was imploded to make space to build a data center campus.
The former Homer City Generating Station will be turned into a gas-powered data cente… [+1959 chars]"
34,"{'id': None, 'name': 'Quartz India'}",Britney Nguyen,Alibaba's chairman thinks there's an AI data center bubble,The race to build out data centers for artificial intelligence is worrying one billionaire.Read more...,https://qz.com/alibaba-joe-tsai-ai-data-center-bubble-stargate-trump-1851772157,"https://i.kinja-img.com/image/upload/c_fill,h_675,pg_1,q_80,w_1200/ed94826bed7151539fd9679104044f53.jpg",2025-03-25T14:55:00Z,"In This Story
The race to build out data centers for artificial intelligence is worrying one billionaire.
Alibaba (BABA-0.16%
) chairman Joe Tsai said that AI data center construction may overtake… [+2569 chars]"
35,"{'id': None, 'name': 'Quartz India'}",Josh Fellman,Dow jumps 598 points as Trump eases off on tariff plans,"Stocks surged on Monday as Donald Trump said he may scale back tariffs set to be unveiled on April. 2. The Nasdaq Composite index gained 2.3%, as all Magnificent 7 stocks surged, the S&P 500 gained 1.8%, and the Dow Jones industrial average gained 1.4%, or al…",https://qz.com/stocks-surge-trump-tariffs-trade-war-byd-tesla-1851772012,"https://i.kinja-img.com/image/upload/c_fill,h_675,pg_1,q_80,w_1200/ff66eef45fc784565eddfd285e55ba85.jpg",2025-03-24T21:00:00Z,"In This Story
Stocks surged on Monday as Donald Trump said he may scale back tariffs set to be unveiled on April. 2. The Nasdaq Composite index gained 2.3%, as all Magnificent 7 stocks surged, the S… [+2205 chars]"
36,"{'id': None, 'name': 'Quartz India'}",Britney Nguyen,Magnificent 7 stocks rise as Trump may narrow on tariffs,Magnificent 7 stocks rose during Monday morning trading after reports that the Trump administration is considering excluding some tariffs that are set to go into place on April 2.Read more...,https://qz.com/magnificent-seven-stocks-rise-trump-reciprocal-tariffs-1851771876,"https://i.kinja-img.com/image/upload/c_fill,h_675,pg_1,q_80,w_1200/1e41f45b98381b4af098ff8704eadb72.jpg",2025-03-24T13:57:00Z,"In This Story
Magnificent 7 stocks rose during Monday morning trading after reports that the Trump administration is considering excluding some tariffs that are set to go into place on April 2.
Mic… [+1916 chars]"
37,"{'id': None, 'name': 'Yahoo Entertainment'}",,"The Outlook of the AI Sector, Including Microsoft (MSFT), Is Positive, Analyst Says",,https://consent.yahoo.com/v2/collectConsent?sessionId=1_cc-session_aec14cb0-7874-46b5-b822-754b5cee826a,,2025-04-07T17:55:40Z,"If you click 'Accept all', we and our partners, including 239 who are part of the IAB Transparency &amp; Consent Framework, will also store and/or access information on a device (in other words, use … [+702 chars]"
38,"{'id': None, 'name': 'Yahoo Entertainment'}",,Morgan Stanley Says Buy Microsoft (MSFT) – Poised to Lead GenAI Spend,,https://consent.yahoo.com/v2/collectConsent?sessionId=1_cc-session_1926b9cb-49b0-4fcf-8f76-02d7be1683c4,,2025-04-10T12:14:26Z,"If you click 'Accept all', we and our partners, including 239 who are part of the IAB Transparency &amp; Consent Framework, will also store and/or access information on a device (in other words, use … [+702 chars]"
39,"{'id': None, 'name': 'Yahoo Entertainment'}",,Microsoft Corporation (MSFT) Is A Good Pick for A Long-Term Stock Portfolio,,https://consent.yahoo.com/v2/collectConsent?sessionId=1_cc-session_18c8ee1c-fdfb-4f62-9f3b-66774b5e055d,,2025-04-11T12:31:46Z,"If you click 'Accept all', we and our partners, including 239 who are part of the IAB Transparency &amp; Consent Framework, will also store and/or access information on a device (in other words, use … [+702 chars]"
40,"{'id': None, 'name': 'Yahoo Entertainment'}",,Is Microsoft Corporation (MSFT) the Most Profitable Dividend Stock to Buy Now?,,https://consent.yahoo.com/v2/collectConsent?sessionId=1_cc-session_5eb25ab8-a660-4f94-97e5-e0885b0e0b0b,,2025-04-07T18:27:51Z,"If you click 'Accept all', we and our partners, including 239 who are part of the IAB Transparency &amp; Consent Framework, will also store and/or access information on a device (in other words, use … [+702 chars]"
41,"{'id': None, 'name': 'Yahoo Entertainment'}",,Is Microsoft (MSFT) the Best Big Data Stock to Buy According to Analysts?,,https://consent.yahoo.com/v2/collectConsent?sessionId=1_cc-session_78eb4244-412d-4956-a0ab-85e912eaaa7d,,2025-04-09T14:13:41Z,"If you click 'Accept all', we and our partners, including 239 who are part of the IAB Transparency &amp; Consent Framework, will also store and/or access information on a device (in other words, use … [+702 chars]"
42,"{'id': None, 'name': 'Yahoo Entertainment'}",Brett LoGiurato,"Stock market today: Dow surges 600 points, S&P 500 has best week since 2023 to cap wild week of tariff-fueled chaos",Wall Street is set to wrap up another week of tariff-fueled turmoil.,https://finance.yahoo.com/news/live/stock-market-today-dow-sp-500-post-best-week-since-2023-to-cap-wild-week-of-tariff-fueled-chaos-200222921.html,https://s.yimg.com/ny/api/res/1.2/Yz.DcLMcTMSbZO90snslyA--/YXBwaWQ9aGlnaGxhbmRlcjt3PTEyMDA7aD04MDA-/https://s.yimg.com/os/creatr-uploaded-images/2025-04/2292f950-1644-11f0-baff-4b860b82613e,2025-04-11T20:02:22Z,"US stocks turned higher on Friday to cap a chaotic week on Wall Street, as investors weighed the latest tariff-related developments in the trade war between the US and China.
The S&amp;P 500 (^GSPC)… [+14695 chars]"
43,"{'id': None, 'name': 'Benzinga'}",Namrata Sen,Bill Gates Shares Original Code That Started It All As Microsoft Celebrates 50 Years: 'That Was The Revolution',"Microsoft (NASDAQ: MSFT) founder, Bill Gates, nostalgically looks back on the computer code he wrote 50 years ago, which played a pivotal role in the creation of the tech giant.",https://www.benzinga.com/news/25/04/44655577/bill-gates-shares-original-code-that-started-it-all-as-microsoft-celebrates-50-years-that-was-the-re,https://cdn.benzinga.com/files/images/story/2025/04/04/Bill-Gates-2.jpeg?width=1200&height=800&fit=crop,2025-04-05T04:30:15Z,"Microsoft MSFT founder Bill Gates nostalgically looks back on the computer code he wrote 50 years ago, which played a pivotal role in the creation of the tech giant.
What Happened: Gates reminisced … [+2507 chars]"
44,"{'id': None, 'name': 'Yahoo Entertainment'}",,Here’s How Columbia Seligman Global Technology Fund Benefitted from Underweight Position in Microsoft (MSFT),,https://consent.yahoo.com/v2/collectConsent?sessionId=1_cc-session_8df45d91-2562-44d1-a16e-b41ed2798772,,2025-03-13T12:33:47Z,"If you click 'Accept all', we and our partners, including 238 who are part of the IAB Transparency &amp; Consent Framework, will also store and/or access information on a device (in other words, use … [+702 chars]"
45,"{'id': None, 'name': 'Yahoo Entertainment'}",,Microsoft (MSFT): The Best Quantum Computing Stock to Buy Right Now,,https://consent.yahoo.com/v2/collectConsent?sessionId=1_cc-session_993313c2-4a06-4554-b73f-23e74a13fe33,,2025-03-18T11:17:35Z,"If you click 'Accept all', we and our partners, including 238 who are part of the IAB Transparency &amp; Consent Framework, will also store and/or access information on a device (in other words, use … [+702 chars]"
46,"{'id': None, 'name': 'Yahoo Entertainment'}",,Jim Cramer: “Microsoft (MSFT) Missed Last Time – Can They Say Anything to Change That?”,,https://consent.yahoo.com/v2/collectConsent?sessionId=1_cc-session_a9447cec-ba18-416c-829d-b8e09ef8deac,,2025-03-16T20:03:43Z,"If you click 'Accept all', we and our partners, including 238 who are part of the IAB Transparency &amp; Consent Framework, will also store and/or access information on a device (in other words, use … [+702 chars]"
47,"{'id': None, 'name': 'Yahoo Entertainment'}",Larry Ramer,"Two Veteran Investors Tout AMZN, MSFT",Two longtime investors recently told CNBC that Amazon (AMZN) and Microsoft (MSFT) represent good buys at their current levels. The Weakness of AMZN and MSFT ...,https://finance.yahoo.com/news/two-veteran-investors-tout-amzn-165135626.html,https://media.zenfs.com/en/insidermonkey.com/510fda8285e42daea42cb985c5abf14e,2025-03-31T16:51:35Z,"Two longtime investors recently told CNBC that Amazon (AMZN) and Microsoft (MSFT) represent good buys at their current levels.
The Weakness of AMZN and MSFT Is Unjustified, Ethridge Says
Malcolm Et… [+1699 chars]"
48,"{'id': None, 'name': 'Yahoo Entertainment'}",,"Microsoft Corporation (MSFT): AI, Azure, and the Challenge of Monetizing Innovation",,https://consent.yahoo.com/v2/collectConsent?sessionId=1_cc-session_6818927a-f42e-4916-8468-d5b1fa7f5291,,2025-03-23T23:03:59Z,"If you click 'Accept all', we and our partners, including 239 who are part of the IAB Transparency &amp; Consent Framework, will also store and/or access information on a device (in other words, use … [+702 chars]"
49,"{'id': None, 'name': 'Yahoo Entertainment'}",,Is Microsoft Corporation (MSFT) the Most Profitable Large Cap Stock to Buy Now?,,https://consent.yahoo.com/v2/collectConsent?sessionId=1_cc-session_9f61370e-9075-40f3-a16b-b423d13e76c5,,2025-03-13T23:52:31Z,"If you click 'Accept all', we and our partners, including 238 who are part of the IAB Transparency &amp; Consent Framework, will also store and/or access information on a device (in other words, use … [+702 chars]"
50,"{'id': None, 'name': 'Yahoo Entertainment'}",,Is Microsoft Corporation (MSFT) a Stock That Members of Congress Own?,,https://consent.yahoo.com/v2/collectConsent?sessionId=1_cc-session_0fe362d3-a8ec-4395-b75b-37ffc7c928e6,,2025-03-19T23:44:01Z,"If you click 'Accept all', we and our partners, including 239 who are part of the IAB Transparency &amp; Consent Framework, will also store and/or access information on a device (in other words, use … [+702 chars]"
51,"{'id': None, 'name': 'Yahoo Entertainment'}",,Why Microsoft Corporation (MSFT) is One of the Best Strong Buy Stocks to Buy Right Now,,https://consent.yahoo.com/v2/collectConsent?sessionId=1_cc-session_1f8676b3-0380-4cb7-a7fb-5c6027dc851f,,2025-03-17T23:34:00Z,"If you click 'Accept all', we and our partners, including 238 who are part of the IAB Transparency &amp; Consent Framework, will also store and/or access information on a device (in other words, use … [+702 chars]"
52,"{'id': None, 'name': 'Yahoo Entertainment'}",,Microsoft Corporation (MSFT): Among Stocks Wall Street Is Calling Bullish Amid Market Turmoil,,https://consent.yahoo.com/v2/collectConsent?sessionId=1_cc-session_be770da7-8059-40e1-bedd-4d08be568377,,2025-03-22T16:21:03Z,"If you click 'Accept all', we and our partners, including 239 who are part of the IAB Transparency &amp; Consent Framework, will also store and/or access information on a device (in other words, use … [+702 chars]"
53,"{'id': None, 'name': 'Quartz India'}",Josh Fellman,"Mag 7, Nike, Lululemon, Deckers, PDD, GM: Stocks to watch","Investors weren’t happy with President Donald Trump’s reciprocal tariffs, sending stocks plunging overseas and in premarket trading. Futures linked to the the S&P 500 pointed to a 3.5% drop at the open on Thursday, with those tied to the Nasdaq 100 projecting…",https://qz.com/stock-watch-tesla-nvidia-mag7-gm-pdd-constellation-1851774439,"https://i.kinja-img.com/image/upload/c_fill,h_675,pg_1,q_80,w_1200/b55663a0139e6c3e9e42a5df53f477c1.jpg",2025-04-03T11:58:00Z,"In This Story
Investors werent happy with President Donald Trumps reciprocal tariffs, sending stocks plunging overseas and in premarket trading. Futures linked to the the S&amp;P 500 pointed to a 3.… [+2636 chars]"
54,"{'id': None, 'name': 'Quartz India'}",Josh Fellman,"Mag 7, Exxon Nike, Lululemon: Stocks to watch today","Stocks may extend their post-tariff selloff on Friday after China retaliated with its own 34% duties on all U.S. goods, restrictions on rare earth exports, and other measures. Futures linked to the S&P 500, Nasdaq 100, and Dow Jones Industrial Average are all…",https://qz.com/stock-watch-mag7-trade-war-plunge-1851774713,"https://i.kinja-img.com/image/upload/c_fill,h_675,pg_1,q_80,w_1200/01a52b712ee8549a503bbe7c5b3bf2d8.jpg",2025-04-04T12:10:00Z,"In This Story
Stocks may extend their post-tariff selloff on Friday after China retaliated with its own 34% duties on all U.S. goods, restrictions on rare earth exports, and other measures. Futures … [+3223 chars]"
55,"{'id': None, 'name': 'Quartz India'}",Ece Yildirim,Google's biggest buy ever,Google (GOOGL) on Tuesday announced that it has signed a definitive agreement to acquire Israeli cybersecurity startup Wiz for $32 billion in an all-cash transaction.Read more...,https://qz.com/google-acquiring-wiz-israeli-cybersecurity-32-billion-1851770712,"https://i.kinja-img.com/image/upload/c_fill,h_675,pg_1,q_80,w_1200/2ecc2818880ec96f69b148c4dad8b69f.jpg",2025-03-18T15:22:00Z,"In This Story
Google (GOOGL-3.45%
) on Tuesday announced that it has signed a definitive agreement to acquire Israeli cybersecurity startup Wiz for $32 billion in an all-cash transaction.
If it cl… [+2791 chars]"
56,"{'id': None, 'name': 'Quartz India'}",Britney Nguyen,Apple leads Magnificent 7 stock drop amid Trump tariffs,"Apple (AAPL) shares were down by 8.4% at the market open on Thursday, leading the decline of Magnificent 7 stocks after President Donald Trump announced “reciprocal tariffs” following the market close on Wednesday.Read more...",https://qz.com/apple-magnificent-7-stocks-fall-trump-reciprocal-tariff-1851774496,"https://i.kinja-img.com/image/upload/c_fill,h_675,pg_1,q_80,w_1200/6a5cdb4eb4c835e7b8e04d539275603f.jpg",2025-04-03T14:35:00Z,"In This Story
Apple (AAPL-8.08%
) shares were down by 8.4% at the market open on Thursday, leading the decline of Magnificent 7 stocks after President Donald Trump announced reciprocal tariffs foll… [+2855 chars]"
57,"{'id': None, 'name': 'Quartz India'}",Catherine Baab,"Delta, Walmart, Apple: Stocks to watch today","Investors are digesting the latest volley in the U.S.-China trade fight, with a 104% tariff on Chinese electric vehicles and other tech goods taking effect overnight. Read more...",https://qz.com/stocks-to-watch-apple-tesla-walmart-delta-constellation-1851775395,"https://i.kinja-img.com/image/upload/c_fill,h_675,pg_1,q_80,w_1200/ed7441c2c5c579ada3044374bce8f105.jpg",2025-04-09T12:47:00Z,"In This Story
Investors are digesting the latest volley in the U.S.-China trade fight, with a 104% tariff on Chinese electric vehicles and other tech goods taking effect overnight. 
The renewed tra… [+3436 chars]"
58,"{'id': None, 'name': 'Quartz India'}",Ece Yildirim,Google and Apple found in violation of EU law,"Google (GOOGL) and Apple (AAPL) on Wednesday were found in violation of the European Union’s landmark antitrust law, the European Commission, the EU’s executive body, said in two press releases on Wednesday.Read more...",https://qz.com/google-apple-violation-of-eu-law-1851771086,"https://i.kinja-img.com/image/upload/c_fill,h_675,pg_1,q_80,w_1200/d743bbe864661030cf61879c5c471995.jpg",2025-03-19T20:25:00Z,"In This Story
Google (GOOGL+2.90%
) and Apple (AAPL+1.26%
) on Wednesday were found in violation of the European Unions landmark antitrust law, the European Commission, the EUs executive body, sai… [+3758 chars]"
59,"{'id': None, 'name': 'Quartz India'}",Josh Fellman,"Mag 7, Carmakers, Warner Bros. Discovery, U.S. Bancorp, Chinese banks: Stocks to watch today","Stocks fell in premarket trading on Monday, after the the Wall Street Journal reported that President Donald Trump has pushed his team to be more aggressive on tariffs in recent days. Futures tied to the S&P 500, the Nasdaq 100, and the Dow Jones Industrial A…",https://qz.com/stock-watch-warner-usbancorp-1851773362,"https://i.kinja-img.com/image/upload/c_fill,h_675,pg_1,q_80,w_1200/74674fe3afa6c32ecfd7db7a5d629abb.jpg",2025-03-31T12:04:00Z,"In This Story
Stocks fell in premarket trading on Monday, after The Wall Street Journal reported that President Donald Trump has pushed his team to be more aggressive on tariffs in recent days. Futu… [+3103 chars]"
60,"{'id': None, 'name': 'Quartz India'}",William Gavin,Tesla was removed from a major auto show because people keep vandalizing Teslas,"Tesla (TSLA) was removed from a major auto show this week after its organizers were worried about the safety of attendees and other presenters, as the automaker grapples with protests and violent acts.Read more...",https://qz.com/tesla-protests-elon-musk-vancouver-auto-show-trump-doge-1851770920,"https://i.kinja-img.com/image/upload/c_fill,h_675,pg_1,q_80,w_1200/4152af7101aeb0bc374ace3bfa64397d.jpg",2025-03-19T12:40:00Z,"In This Story
Tesla (TSLA-5.13%
) was removed from a major auto show this week after its organizers were worried about the safety of attendees and other presenters, as the automaker grapples with p… [+2922 chars]"
61,"{'id': None, 'name': 'Quartz India'}",Britney Nguyen,Nvidia CEO Jensen Huang says he was wrong about quantum computing. But he might be right,Nvidia (NVDA) chief executive Jensen Huang apologized for tanking quantum computing stocks earlier this year when he said the technology’s usefulness is still decades away — but one analyst says he’s actually right.Read more...,https://qz.com/nvidia-ceo-jensen-huang-quantum-computing-analyst-ai-1851771560,"https://i.kinja-img.com/image/upload/c_fill,h_675,pg_1,q_80,w_1200/917f56567c210022ddbf984d24e5c803.jpg",2025-03-21T15:45:00Z,"In This Story
Nvidia (NVDA-1.70%
) chief executive Jensen Huang apologized for tanking quantum computing stocks earlier this year when he said the technologys usefulness is still decades away but o… [+3336 chars]"
62,"{'id': None, 'name': 'Quartz India'}",William Gavin,"OpenAI is now worth more than Chevron, McDonald's, and Salesforce",Sam Altman’s OpenAI has closed a new $40 billion fundraising deal that almost doubles the firm’s valuation and cements it as one of the most valuable private companies in the world.Read more...,https://qz.com/openai-valuation-chatgpt-mcdonalds-salesforce-altman-1851773949,"https://i.kinja-img.com/image/upload/c_fill,h_675,pg_1,q_80,w_1200/dd2b9fa005c34497dca314b10c5df513.jpg",2025-04-01T12:20:00Z,"In This Story
Sam Altmans OpenAI has closed a new $40 billion fundraising deal that almost doubles the firms valuation and cements it as one of the most valuable private companies in the world.
The… [+2949 chars]"
63,"{'id': None, 'name': 'Quartz India'}",Josh Fellman,"Mag 7, other stocks fall post-market after Trump's tariff announcement","Investors greeted President Donald Trump’s reciprocal tariffs less than enthusiastically, sending the Magnificent 7 and other stocks lower. Futures linked to the the S&P 500, the Nasdaq 100, and the Dow Jones Industrial Average point to a lower opening Thursd…",https://qz.com/trump-tariffs-market-reaction-1851774378,"https://i.kinja-img.com/image/upload/c_fill,h_675,pg_1,q_80,w_1200/93c19798e064077bef2a8dfa69384255.jpg",2025-04-02T22:05:00Z,"In This Story
Investors greeted President Donald Trumps reciprocal tariffs less than enthusiastically, sending the Magnificent 7 and other stocks lower. Futures linked to the the S&amp;P 500, the Na… [+2614 chars]"
64,"{'id': None, 'name': 'Quartz India'}",Josh Fellman,"Stocks tumble after Trump's tariff reveal, with Dow set to shed 1,000 points","Investors weren’t happy with President Donald Trump’s reciprocal tariffs, sending stocks tumbling in premarket trading and overseas.Read more...",https://qz.com/trump-trade-war-tariffs-stocks-plunge-mag7-nike-1851774483,"https://i.kinja-img.com/image/upload/c_fill,h_675,pg_1,q_80,w_1200/ca9ba37e85fd8a5dcaa283ab29a70c98.jpg",2025-04-03T12:30:00Z,"In This Story
Investors werent happy with President Donald Trumps reciprocal tariffs, sending stocks tumbling in premarket trading and overseas.
As of 8:19 a.m. EDT, futures linked to the the S&amp… [+2952 chars]"
65,"{'id': None, 'name': 'ZDNet France'}",Guillaume Serries,"ZDNET Morning 04/04/2025 : MSFT a 50 ans, Kuiper défie Starlink dans l'espace, Mystère sur iOS 18.4,...","Le ZDNET Morning le brief de l'actu tech pour les pros tous les matins à 9h00. Transformation numérique, IA, matériel, logiciels,... ne passez pas à côté de ce qui fait la Une du secteur.",https://www.zdnet.fr/actualites/zdnet-morning-04-04-2025-msft-a-50-ans-kuiper-defie-starlink-dans-lespace-mystere-sur-ios-18-4-411369.htm,https://www.zdnet.fr/wp-content/uploads/zdnet/2024/10/zdnet_1280.jpg,2025-04-04T07:51:08Z,"Le ZDNET Morning c'est LE condensé de l'actu tech pour les pros tous les matins à 9h00 sur le site. Transformation numérique, IA, matériel, logiciels,... ne passez pas à côté de ce qui fait la Une du… [+5353 chars]"
66,"{'id': None, 'name': 'Erickimphotography.com'}",ERIC KIM,Liberation Day,Election Day since Returns since Election Day: * BTC: +16.5% * Gold: +13.4% * SPY: -6.2% * QQQ: -7.4% Magnificent Seven: * TSLA: +4.9% * META: -5.5% * AAPL: -7.9% * MSFT: -10.0% * AMZN: -10.4% * GOOGL: -11.0% * NVDA: -25.0% RasterlyRock— Returns Since Liberat…,https://erickimphotography.com/blog/2025/04/05/liberation-day/,,2025-04-05T22:39:40Z,Returns since Election Day: * BTC: +16.5% * Gold: +13.4% * SPY: -6.2% * QQQ: -7.4% Magnificent Seven: * TSLA: +4.9% * META: -5.5% * AAPL: -7.9% * MSFT: -10.0% * AMZN: -10.4% * GOOGL: -11.0% * NVDA: -… [+216 chars]
67,"{'id': None, 'name': 'Yahoo Entertainment'}",Bob Karr,Is Microsoft Corporation (MSFT) the Best Fundamental Stock to Buy According to Billionaires?,"We recently published a list of 10 Best Fundamental Stocks to Buy According to Billionaires. In this article, we are going to take a look at whereMicrosoft...",https://finance.yahoo.com/news/microsoft-corporation-msft-best-fundamental-023552312.html,https://s.yimg.com/ny/api/res/1.2/Ehrz1CBybY_oskwS2bSRJQ--/YXBwaWQ9aGlnaGxhbmRlcjt3PTEyMDA7aD02NzM-/https://media.zenfs.com/en/insidermonkey.com/ae3cb2a93ad8e5ddf6f94148e71f74b9,2025-04-08T02:35:52Z,"We recently published a list of 10 Best Fundamental Stocks to Buy According to Billionaires. In this article, we are going to take a look at whereMicrosoft Corporation (NASDAQ: MSFT) stands against o… [+6110 chars]"
68,"{'id': None, 'name': 'Yahoo Entertainment'}",,Here’s What Generation Investment Management Thinks on its Long-Term Holding Microsoft Corporation (MSFT),,https://consent.yahoo.com/v2/collectConsent?sessionId=1_cc-session_3b51f110-3f89-4fee-995c-5c643ba904c0,,2025-04-04T12:16:21Z,"If you click 'Accept all', we and our partners, including 239 who are part of the IAB Transparency &amp; Consent Framework, will also store and/or access information on a device (in other words, use … [+702 chars]"
69,"{'id': None, 'name': 'Yahoo Entertainment'}",,Microsoft Corporation (MSFT) Scales Back Data Centers – Is It a Smart Move or Red Flag for Investors?,,https://consent.yahoo.com/v2/collectConsent?sessionId=1_cc-session_9eb02dd8-7828-4b8b-b9e4-cb58c27fdf8e,,2025-03-28T13:25:19Z,"If you click 'Accept all', we and our partners, including 238 who are part of the IAB Transparency &amp; Consent Framework, will also store and/or access information on a device (in other words, use … [+702 chars]"
70,"{'id': None, 'name': 'Yahoo Entertainment'}",,"Veteran Investor Is Bullish on NVDA, MSFT, and META",,https://consent.yahoo.com/v2/collectConsent?sessionId=1_cc-session_20035517-7a43-4cba-9036-1ddbf7d3e716,,2025-03-31T18:08:16Z,"If you click 'Accept all', we and our partners, including 239 who are part of the IAB Transparency &amp; Consent Framework, will also store and/or access information on a device (in other words, use … [+702 chars]"
71,"{'id': None, 'name': 'PRNewswire'}","Joe Skrebels, Xbox Wire Editor-in-Chief",Candy Crush All Stars Tournament Returns with $1 Million Prize Pool Up for Grabs,"/PRNewswire/ -- BIGGER. BOLDER. SWEETER. King's Candy Crush All Stars is back for its fifth consecutive year, and the tournament is taking the competition to...",https://www.prnewswire.com/news-releases/get-your-game-on-the-global-candy-crush-all-stars-tournament-returns-with-1m-prize-pool-up-for-grabs-302407017.html,https://mma.prnewswire.com/media/2645649/Candy_Crush_All_Stars_Logo.jpg?p=facebook,2025-03-20T14:36:47Z,"<ul><li>Candy Crush All Stars® 2025 kicks off worldwide on March 20, 2025, following last year's tournament where over 15 million players competed for victory</li><li>The massive $1M prize pool is ba… [+4565 chars]"
72,"{'id': None, 'name': 'CoinDesk'}",James Van Straten,Bitcoin’s Recent Drawdown Proves Its More Than Just a Leveraged Tech Play,"Despite a 26% drop from all-time highs, bitcoin holds steady compared to leading tech stocks, signaling increasing maturity.",https://www.coindesk.com/markets/2025/04/11/bitcoin-s-recent-drawdown-proves-its-more-than-just-a-leveraged-tech-play,https://cdn.sanity.io/images/s3y3vcno/production/4911d4eabe5d2e08eff005196b470528faa42833-1280x853.jpg?auto=format,2025-04-11T07:55:59Z,"The U.S. dollar index (DXY) has fallen below 100 and gold has surged to new all-time highs as escalating tariffs have heightened global economic uncertainty. Consequently, asset prices have taken a h… [+1161 chars]"
73,"{'id': None, 'name': 'Dshr.org'}",David.,Archival Storage,I gave a talk at the Berkeley I-school's Information Access Seminar  entitled Archival Storage . Below the fold is the text of the talk with...,https://blog.dshr.org/2025/03/archival-storage.html,https://blogger.googleusercontent.com/img/b/R29vZ2xl/AVvXsEgXKlNGhJKcHdX4_k6tqmciQHF7bSn3qg5ytFYOIkZhGgB-fsJC3G5qdJQA2Lfni9EsxDaM5s5CDDjPb3t1o6MqhTn2iY7nz3bsL_MDlIR6hX0PE25SbGdCVE7AFOaxe6nsaW2RxVWsUSeDb7mnrJF24Tz_nR-QPzwbuqV3rDcKFEz7BIV_EYKuJ4RZZk-k/w1200-h630-p-k-no-nu/Backups.JPG,2025-03-17T18:36:21Z,I gave a talk at the Berkeley I-school's Information Access Seminar entitled Archival Storage. Below the fold is the text of the talk with links to the sources and the slides (with yellow background)… [+27347 chars]
74,"{'id': None, 'name': 'Quartz India'}",William Gavin,Trump is trying to save Tesla from the anti-Elon Musk crowd,"As protests — peaceful and violent — against Tesla (TSLA) CEO Elon Musk show no signs of slowing down, the White House is stepping in. Read more...",https://qz.com/trump-save-tesla-elon-musk-protests-violent-bondi-1851770938,"https://i.kinja-img.com/image/upload/c_fill,h_675,pg_1,q_80,w_1200/7729d9dfdde3d9fb8aa657cdcb9defee.jpg",2025-03-19T14:33:48Z,"In This Story
As protests peaceful and violent against Tesla (TSLA+2.58%
) CEO Elon Musk show no signs of slowing down, the White House is stepping in. 
If youre going to touch a Tesla, go to a de… [+4218 chars]"
75,"{'id': None, 'name': 'Quartz India'}",Ece Yildirim,Cloudflare is already selling security tools for the quantum computing era,"Mainstream quantum computing might be closer than you think, and that makes it a “looming problem” for privacy, according to network services and cybersecurity company Cloudflare (NET). Read more...",https://qz.com/cloudflare-quantum-computing-encryption-security-1851770145,"https://i.kinja-img.com/image/upload/c_fill,h_675,pg_1,q_80,w_1200/8d111be720b31078aed92864c3c2c157.jpg",2025-03-17T13:00:00Z,"In This Story
Mainstream quantum computing might be closer than you think, and that makes it a looming problem for privacy, according to network services and cybersecurity company Cloudflare (NET). … [+4180 chars]"
76,"{'id': None, 'name': 'Quartz India'}",Ece Yildirim,Three ways Big Tech is vulnerable to EU tariff retaliation,"President Donald Trump announced widespread tariffs on Wednesday, sending the stock market plunging. One of the more significant of these tariffs is a 20% levy on goods coming from longtime U.S. ally and trade partner the European Union.Read more...",https://qz.com/how-big-tech-vulnerable-eu-tariff-retaliation-trump-1851774561,"https://i.kinja-img.com/image/upload/c_fill,h_675,pg_1,q_80,w_1200/2cd0703488d160a05985192e0f08ffd5.jpg",2025-04-03T18:53:00Z,"In This Story
President Donald Trump announced widespread tariffs on Wednesday, sending the stock market plunging. One of the more significant of these tariffs is a 20% levy on goods coming from lon… [+5785 chars]"
77,"{'id': None, 'name': 'Quartz India'}",William Gavin,Trump says his tariffs will bring jobs back to the U.S. It's not that simple,President Donald Trump has long advocated for tariffs as a way to push companies to bring back production to the U.S. and create jobs. It’s not so simple. Read more...,https://qz.com/trump-tariffs-bring-back-jobs-reshore-1851774578,"https://i.kinja-img.com/image/upload/c_fill,h_675,pg_1,q_80,w_1200/f9394d5e9e0305f4fdc2cf7db432b5ec.jpg",2025-04-03T18:36:00Z,"In This Story
President Donald Trump has long advocated for tariffs as a way to push companies to bring back production to the U.S. and create jobs. Its not so simple. 
Jobs and factories will come… [+4653 chars]"
78,"{'id': None, 'name': 'Quartz India'}",Ece Yildirim,Does CoreWeave's disappointing IPO signal an AI bubble?,New Jersey-based AI and cloud computing company CoreWeave made its market debut on Friday to little applause.Read more...,https://qz.com/coreweave-ipo-ai-bubble-1851773579,"https://i.kinja-img.com/image/upload/c_fill,h_675,pg_1,q_80,w_1200/4129314fc5303dbeddd54f219c84febf.jpg",2025-03-31T19:29:00Z,"In This Story
New Jersey-based AI and cloud computing company CoreWeave made its market debut on Friday to little applause.
The stock was poised for success by all means: It was the biggest tech IP… [+4451 chars]"
79,"{'id': None, 'name': 'Investopedia'}",Nisha Gopalan,CoreWeave Stock Finishes First Trading Session at IPO Price,"Shares in CoreWeave, a cloud computing company backed by Nvidia, wavered in their market debut Friday, following a $1.5 billion initial public offering that ...",https://www.investopedia.com/coreweave-stock-finishes-first-trading-session-at-ipo-price-11704899,https://s.yimg.com/ny/api/res/1.2/NR7eaClEqtfH4Mqec5qeXA--/YXBwaWQ9aGlnaGxhbmRlcjt3PTEyMDA7aD04MDA-/https://media.zenfs.com/en/investopedia_245/9b27fb3b6c4814b57f90509544f6e9f6,2025-03-28T17:47:40Z,"Thomas Fuller / SOPA Images/LightRocket via Getty Images
<ul><li>Shares in CoreWeave, a cloud computing company backed by Nvidia, ended their first trading session right at their IPO price following… [+1626 chars]"
80,"{'id': None, 'name': 'Investopedia'}",Colin Laidley,"Markets Are Anxious—But in This Circle, Optimism Abounds","Economists, consumers, and business leaders are antsy. Wall Street analysts are bullish. The share of S&P 500 stock ratings that are bullish is currently at ...",https://www.investopedia.com/markets-are-anxious-but-in-this-circle-optimism-abounds-11700795,https://s.yimg.com/ny/api/res/1.2/cCw1OHC5lOWgoU5YrD1dMQ--/YXBwaWQ9aGlnaGxhbmRlcjt3PTEyMDA7aD04MDA-/https://media.zenfs.com/en/investopedia_245/acf5a0f99180d719aca665f3a968fd50,2025-03-20T20:48:17Z,"Michael Nagle / Bloomberg via Getty Images
Economists, consumers, and business leaders are antsy. Wall Street analysts are bullish.
Of the 12,320 analyst ratings on S&amp;P 500 stocks, 55.7% of the… [+1833 chars]"
81,"{'id': None, 'name': 'Yahoo Entertainment'}",,Is Microsoft Corporation (MSFT) Best Stock to Buy for the Next 3 Months?,,https://consent.yahoo.com/v2/collectConsent?sessionId=1_cc-session_fdbff390-8b70-4356-bfbe-d2fa74b8abcf,,2025-03-30T12:56:43Z,"If you click 'Accept all', we and our partners, including 238 who are part of the IAB Transparency &amp; Consent Framework, will also store and/or access information on a device (in other words, use … [+702 chars]"
82,"{'id': None, 'name': 'Yahoo Entertainment'}",Laiba Immad,Is Microsoft Corporation (MSFT) the Debt Free Halal Stock to Invest in Right Now?,"We recently published a list of 10 Debt Free Halal Stocks to Invest in Right Now. In this article, we are going to take a look at where Microsoft Corporation...",https://finance.yahoo.com/news/microsoft-corporation-msft-debt-free-180333792.html,https://s.yimg.com/ny/api/res/1.2/Ehrz1CBybY_oskwS2bSRJQ--/YXBwaWQ9aGlnaGxhbmRlcjt3PTEyMDA7aD02NzM-/https://media.zenfs.com/en/insidermonkey.com/ae3cb2a93ad8e5ddf6f94148e71f74b9,2025-03-31T18:03:33Z,"We recently published a list of 10 Debt Free Halal Stocks to Invest in Right Now. In this article, we are going to take a look at where Microsoft Corporation (NASDAQ:MSFT) stands against other debt f… [+6850 chars]"
83,"{'id': None, 'name': 'Yahoo Entertainment'}",Ghazal Ahmed,Microsoft (MSFT) Expands AI-Driven Security Copilot with Six New Agents,"We recently published a list of 10 AI Stocks Dominating the News This Week. In this article, we are going to take a look at where Microsoft Corporation...",https://finance.yahoo.com/news/microsoft-msft-expands-ai-driven-135156481.html,https://media.zenfs.com/en/insidermonkey.com/bcb836688e9efa621c3fe27ded2b41ec,2025-03-31T13:51:56Z,"We recently published a list of 10 AI Stocks Dominating the News This Week. In this article, we are going to take a look at where Microsoft Corporation (NASDAQ:MSFT) stands against other AI stocks do… [+4098 chars]"
84,"{'id': None, 'name': 'Yahoo Entertainment'}",,Microsoft Corporation (MSFT): Among The Best US Stocks To Buy For Foreign Investors,,https://consent.yahoo.com/v2/collectConsent?sessionId=1_cc-session_61786a55-3892-44c7-9f5a-94539ebab76a,,2025-04-01T22:09:35Z,"If you click 'Accept all', we and our partners, including 239 who are part of the IAB Transparency &amp; Consent Framework, will also store and/or access information on a device (in other words, use … [+702 chars]"
85,"{'id': None, 'name': 'Cnblogs.com'}",CryptoRzz,五大股票金融数据API接口推荐：从实时行情到历史数据全覆盖 - CryptoRzz,摘要：本文将介绍五大主流的股票金融数据API接口，涵盖实时行情、历史数据、技术指标等功能，帮助开发者快速构建金融数据应用。（本文由deepseek生成） 一、StockTV API 1. 核心优势 全球覆盖：支持印度、美国、日本、韩国等10+国家的股票市场 实时性强：提供WebSocket实时数据推,https://www.cnblogs.com/CryptoRzz/p/18772859,,2025-03-14T12:50:00Z,"APIdeepseek
1. 
2. 
3. 
4. 
import requests
def get_stock_data(api_key, symbol):
 url = ""https://api.stocktv.top/stock/queryStocks""
 params = {
 ""key"": api_key,
 ""symbol"": symbol
 }
 resp… [+2042 chars]"
86,"{'id': None, 'name': 'Yahoo Entertainment'}",Brett LoGiurato,"Stock market today: Dow, S&P 500, Nasdaq rise as bond yields surge, China-US trade war in focus",Wall Street is set to wrap up another week of tariff-fueled turmoil.,https://finance.yahoo.com/news/live/stock-market-today-dow-sp-500-nasdaq-rise-as-bond-yields-surge-china-us-trade-war-in-focus-133100857.html,https://s.yimg.com/ny/api/res/1.2/Yz.DcLMcTMSbZO90snslyA--/YXBwaWQ9aGlnaGxhbmRlcjt3PTEyMDA7aD04MDA-/https://s.yimg.com/os/creatr-uploaded-images/2025-04/2292f950-1644-11f0-baff-4b860b82613e,2025-04-11T13:31:00Z,"US stocks turned higher on Friday as consumer sentiment tumbled, 10-year Treasury yields rose, and investors weighed the latest tariff development in the trade war between the US and China.
The S&am… [+11812 chars]"
87,"{'id': None, 'name': 'Forbes'}","Trefis Team, Contributor, 
 Trefis Team, Contributor
 https://www.forbes.com/sites/greatspeculations/people/trefis/",Is NVDA Stock A Bargain At $110?,"Margins: Nvidia maintains profit margins above 60% , allowing more of its revenue growth to convert into profits.",https://www.forbes.com/sites/greatspeculations/2025/04/11/is-nvda-stock-a-bargain-at-110/,https://imageio.forbes.com/specials-images/imageserve/67f887389df5df3a1a2eb32c/0x0.jpg?format=jpg&height=900&width=1600&fit=bounds,2025-04-11T09:45:00Z,"BATH, UNITED KINGDOM - JANUARY 29: In this photo illustration a smartphone screen displays the logo ... More for the app for Chinese AI company DeepSeek alongside the logo for the ChatGPT app on Janu… [+4017 chars]"
88,"{'id': None, 'name': 'CoinDesk'}",Shaurya Malwa,"Cardano’s Hoskinson Sees Bitcoin Touching $250K, Tech Giants Adopting Stablecoins","“You’ll have a lot of fast, cheap money, and then it’ll pour into crypto,” he said in a recent interview.",https://www.coindesk.com/markets/2025/04/10/cardano-s-hoskinson-sees-bitcoin-touching-usd250k-tech-giants-adopting-stablecoins,https://cdn.sanity.io/images/s3y3vcno/production/5736626f2847fa2dc99de9f7c148e0667b030b19-1300x852.jpg?auto=format,2025-04-10T15:07:38Z,"Bitcoin (BTC), currently around $81,000, could soar as high as $250,000 as early as this year with tech giants like Microsoft (MSFT) and Apple(AAPL) entering the crypto arena, according to Charles Ho… [+2450 chars]"
89,"{'id': None, 'name': 'Yahoo Entertainment'}",Brian Sozzi,AMD CEO Lisa Su to Yahoo Finance: Demand for AI infrastructure is 'immense',AMD CEO Lisa Su pushes back on the AI slowdown narrative.,https://finance.yahoo.com/news/amd-ceo-lisa-su-to-yahoo-finance-demand-for-ai-infrastructure-is-immense-151646707.html,https://s.yimg.com/ny/api/res/1.2/F6tzjT3ehTaYodojE0LTvA--/YXBwaWQ9aGlnaGxhbmRlcjt3PTEyMDA7aD04MDA-/https://s.yimg.com/os/creatr-uploaded-images/2024-05/e8c141b0-217e-11ef-87fd-064f75517195,2025-03-31T15:16:46Z,"If AI infrastructure demand is slowing, as some market watchers claim, AMD (AMD) CEO Lisa Su isn't seeing it.
""The need for compute continues to be immense,"" Su told me in a Yahoo Finance exclusive … [+2298 chars]"
90,"{'id': None, 'name': 'Investopedia'}",Nisha Gopalan,"Top Stock Movers Now: Delta, Apple, Eli Lilly, and More",The Dow and S&P 500 wavered between gains and losses at midday Wednesday amid heightened volatility after the U.S. imposed wide-ranging tariffs overnight and...,https://www.investopedia.com/top-stock-movers-now-delta-apple-eli-lilly-and-more-11711892,https://s.yimg.com/ny/api/res/1.2/4bKPCKs.TehDDIK2ZvC1IA--/YXBwaWQ9aGlnaGxhbmRlcjt3PTEyMDA7aD04MDA-/https://media.zenfs.com/en/investopedia_245/b14f316af9eee2193415dec24f637d0c,2025-04-09T16:03:39Z,"Omar Havana / Contributor / Getty Images
<ul><li>The Dow and S&amp;P 500 wavered between gains and losses at midday Wednesday amid heightened volatility after the U.S. imposed wide-ranging tariffs o… [+1962 chars]"
91,"{'id': None, 'name': 'Quartz India'}",NYSE,"BigID Next is changing AI model training for the better, CEO says","Dmitri Sirota, Chief Executive Officer of BigID, spoke with NYSE TV’s “Taking Stock with Kristen Scholer” for a special video interview.Read more...",https://qz.com/bigid-next-ai-model-training-ceo-humanx-1851772323,"https://i.kinja-img.com/image/upload/c_fill,h_675,pg_1,q_80,w_1200/56e033de5eb443adc22d6634e89607ed.png",2025-03-27T14:16:00Z,"Dmitri Sirota, Chief Executive Officer of BigID, spoke with NYSE TVs Taking Stock with Kristen Scholer for a special video interview.
Watch the interview above and check out the transcript below. Th… [+5810 chars]"
92,"{'id': None, 'name': 'Yahoo Entertainment'}",,Jim Cramer Slams “Wrong Story” Around Microsoft Corporation (MSFT) – Says AI Buildout Isn’t Slowing,,https://consent.yahoo.com/v2/collectConsent?sessionId=1_cc-session_e2bded2c-5ee8-4c61-b83a-b9b43d71eb8f,,2025-04-08T14:20:36Z,"If you click 'Accept all', we and our partners, including 239 who are part of the IAB Transparency &amp; Consent Framework, will also store and/or access information on a device (in other words, use … [+702 chars]"
93,"{'id': None, 'name': 'Yahoo Entertainment'}",,Is Microsoft Corporation (MSFT) the Top Tech Stock to Buy According to Billionaire Ken Fisher?,,https://consent.yahoo.com/v2/collectConsent?sessionId=1_cc-session_fa66f9e4-6ecd-44bb-8c7e-cb46233956c0,,2025-04-11T00:46:39Z,"If you click 'Accept all', we and our partners, including 239 who are part of the IAB Transparency &amp; Consent Framework, will also store and/or access information on a device (in other words, use … [+702 chars]"
94,"{'id': None, 'name': 'Yahoo Entertainment'}",,Microsoft (MSFT) Flexes AI Spending Power – KeyBanc Likes Its Smart CapEx Strategy,,https://consent.yahoo.com/v2/collectConsent?sessionId=1_cc-session_86b8df68-47a1-4199-b360-99b898e949ac,,2025-04-11T15:00:51Z,"If you click 'Accept all', we and our partners, including 239 who are part of the IAB Transparency &amp; Consent Framework, will also store and/or access information on a device (in other words, use … [+702 chars]"
95,"{'id': None, 'name': 'Yahoo Entertainment'}",,Is Microsoft Corporation (MSFT) the Best Stock to Buy According to Billionaire Steve Cohen?,,https://consent.yahoo.com/v2/collectConsent?sessionId=1_cc-session_ac423643-05bf-4984-a861-05bfe5931ef4,,2025-04-08T22:11:27Z,"If you click 'Accept all', we and our partners, including 239 who are part of the IAB Transparency &amp; Consent Framework, will also store and/or access information on a device (in other words, use … [+702 chars]"
96,"{'id': None, 'name': 'Yahoo Entertainment'}",Frank DeMatteo,CoreWeave sees first day of gains since IPO,Investing.com -- Last week’s broken IPO for CoreWeave Inc (NASDAQ:CRWV) is finding its footing Tuesday.,https://finance.yahoo.com/news/coreweave-sees-first-day-gains-162437127.html,https://s.yimg.com/cv/apiv2/social/images/yahoo_default_logo-1200x1200.png,2025-04-01T16:24:37Z,"Investing.com -- Last weeks broken IPO for CoreWeave Inc (NASDAQ:CRWV) is finding its footing Tuesday.
During its debut on Friday, shares priced weakly, opened lower, and closed flat. The stock then… [+1125 chars]"
97,"{'id': None, 'name': 'Yahoo Entertainment'}",,Scotiabank Bullish on Microsoft (MSFT): Why AI Growth on Azure Could Propel Microsoft in 2025,,https://consent.yahoo.com/v2/collectConsent?sessionId=1_cc-session_8c74db67-fc90-4e27-8ea4-4bb79832ca7c,,2025-04-04T21:23:06Z,"If you click 'Accept all', we and our partners, including 239 who are part of the IAB Transparency &amp; Consent Framework, will also store and/or access information on a device (in other words, use … [+702 chars]"
98,"{'id': None, 'name': 'Yahoo Entertainment'}",Soumya Eswaran,Here’re the Reasons Why Artisan Global Opportunities Fund Ended Its Investment Campaigns in Microsoft Corporation (MSFT),"Artisan Partners, an investment management company, released its “Artisan Global Opportunities Fund” fourth quarter 2024 investor letter. A copy of the...",https://finance.yahoo.com/news/reasons-why-artisan-global-opportunities-122222817.html,https://media.zenfs.com/en/insidermonkey.com/5ec329719e2363fbf46dd87eaacb07c7,2025-04-03T12:22:22Z,"Artisan Partners, an investment management company, released its Artisan Global Opportunities Fund fourth quarter 2024 investor letter. A copy of the letter can be downloaded here. US equities experi… [+3182 chars]"
99,"{'id': None, 'name': 'Yahoo Entertainment'}",,Microsoft (MSFT) Named Top AI Pick as Analyst Cites Underestimated GenAI Growth,,https://consent.yahoo.com/v2/collectConsent?sessionId=1_cc-session_95574751-ac6c-437c-ad80-8fd8a2c85019,,2025-04-08T18:19:32Z,"If you click 'Accept all', we and our partners, including 239 who are part of the IAB Transparency &amp; Consent Framework, will also store and/or access information on a device (in other words, use … [+702 chars]"
